{
	"id": "scene-transitions",
	"title": "Scene Transitions",
	"description": "Create transition between scenes. Or show a Slide from a Journal or Macro for Narration",
	"version": "0.4.0",
	"authors": [
		{
			"name": "DM_miX",
			"url": "https://github.com/DM-miX",
			"discord": "",
			"twitter": "",
			"patreon": "",
			"github": "p4535992",
			"ko-fi": "",
			"reddit": "",
			"email": ""
		},
		{
			"name": "p4535992",
			"url": "https://github.com/p4535992",
			"discord": "",
			"twitter": "",
			"patreon": "",
			"github": "p4535992",
			"ko-fi": "",
			"reddit": "",
			"email": ""
		}
	],
	"type": "module",
	"socket": true,
	"includes": [
		"./assets/**",
		"./lang/**",
		"./languages/**",
		"./scripts/**",
		"./styles/**",
		"./templates/**",
		"./module.json",
		"./README.md",
		"./icons/**",
		"./packs/**"
	],
	"media": [
		{
			"type": "icon",
			"location": ""
		},
		{
			"type": "cover",
			"location": ""
		},
		{
			"type": "screenshot",
			"location": ""
		}
	],
	"languages": [
		{
			"lang": "en",
			"name": "English",
			"path": "languages/en.json"
		}
	],
	"packs": [],
	"systems": [],
	"scripts": [],
	"esmodules": ["main.js"],
	"styles": ["styles/scene-transitions.css"],
	"compatibility": {
		"minimum": 10,
		"verified": 10,
		"maximum": 10
	},
	"manifestPlusVersion": "1.2.1",
	"url": "https://github.com/p4535992/foundryvtt-scene-transitions",
	"manifest": "https://github.com/p4535992/foundryvtt-scene-transitions/releases/latest/download/module.json",
	"download": "https://github.com/p4535992/foundryvtt-scene-transitions/releases/latest/download/module.zip",
	"readme": "https://github.com/p4535992/foundryvtt-scene-transitions/blob/v1.0.11/README.md",
	"changelog": "https://github.com/p4535992/foundryvtt-scene-transitions/blob/v1.0.11/CHANGELOG.md",
	"bugs": "https://github.com/p4535992/foundryvtt-scene-transitions/issues",
	"allowBugReporter": true,
	"relationships": {
		"systems": [],
		"requires": [
			{
				"id": "lib-wrapper",
				"type": "module",
				"manifest": "https://github.com/ruipin/fvtt-lib-wrapper/releases/latest/download/module.json",
				"compatibility": {}
			},
			{
				"id": "socketlib",
				"type": "module",
				"manifest": "https://raw.githubusercontent.com/manuelVo/foundryvtt-socketlib/develop/module.json",
				"compatibility": {}
			}
		],
		"conflicts": []
	}
}
