{
  "name": "scene-transitions",
  "title": "Scene Transitions",
  "description": "Create transition between scenes. Or show a Slide from a Journal or Macro for Narration",
  "authors": "DM_miX",
  "version": "0.1.3",
  "minimumCoreVersion": "0.7.9",
  "compatibleCoreVersion":"0.8.6",
  "scripts": [
  	"scene-transitions.js"
  ],
  "styles":[
    "transition.css"
  ],
  "socket": true,
  "changelog":"https://raw.githubusercontent.com/DM-miX/scene-transitions/master/README.md",
  "url":"https://github.com/DM-miX/scene-transitions",
  "manifest":"https://raw.githubusercontent.com/DM-miX/scene-transitions/master/module.json",
  "download":"https://github.com/DM-miX/scene-transitions/releases/download/0.1.3/scene-transitions.zip"
}
